{
  "extends": "tslint:latest",
  "rules": {
    "quotemark": [true, "single"],
    "object-literal-sort-keys": false,
    "ordered-imports": [false],
    "whitespace": [true, "check-branch", "check-decl", "check-operator", "check-module", "check-separator", "check-type"],
    "interface-name": [true, "never-prefix"],
    "no-shadowed-variable": false,
    "no-string-literal": false,
    "trailing-comma": [false],
    "array-type": [true, "array"],
    "arrow-parens": false,
    "max-classes-per-file": false,
    "prefer-for-of": false,
    "no-implicit-dependencies": false
  }
}
